,k,d,i,j
0,5,2113,0,1
1,5,1550,0,2
2,5,1593,0,3
3,5,1515,0,4
4,5,1623,0,5
5,5,1973,0,6
6,5,1889,0,7
7,5,1505,0,8
8,5,1495,0,9
9,5,1591,0,10
10,5,1588,0,11
11,5,2290,0,12
12,5,1106,0,13
13,5,1570,0,14
14,5,2130,0,15
15,5,1678,0,16
16,5,1822,0,17
17,5,1963,0,18
18,5,2255,0,19
19,5,1917,1,2
20,5,2222,1,3
21,5,1612,1,4
22,5,2078,1,5
23,5,2305,1,6
24,5,2190,1,7
25,5,2047,1,8
26,5,2494,1,9
27,5,1955,1,10
28,5,2023,1,11
29,5,1076,1,12
30,5,2578,1,13
31,5,2041,1,14
32,5,2298,1,15
33,5,2043,1,16
34,5,2192,1,17
35,5,2179,1,18
36,5,2204,1,19
37,5,1189,2,3
38,5,1015,2,4
39,5,821,2,5
40,5,1276,2,6
41,5,1137,2,7
42,5,593,2,8
43,5,2249,2,9
44,5,622,2,10
45,5,727,2,11
46,5,2030,2,12
47,5,2156,2,13
48,5,898,2,14
49,5,1546,2,15
50,5,731,2,16
51,5,1708,2,17
52,5,1280,2,18
53,5,1847,2,19
54,5,1507,3,4
55,5,1147,3,5
56,5,1321,3,6
57,5,1651,3,7
58,5,1197,3,8
59,5,2294,3,9
60,5,1477,3,10
61,5,1029,3,11
62,5,2245,3,12
63,5,1775,3,13
64,5,1391,3,14
65,5,1656,3,15
66,5,1175,3,16
67,5,1793,3,17
68,5,1487,3,18
69,5,2047,3,19
70,5,1098,4,5
71,5,1511,4,6
72,5,1344,4,7
73,5,911,4,8
74,5,2092,4,9
75,5,1034,4,10
76,5,929,4,11
77,5,1636,4,12
78,5,2122,4,13
79,5,1110,4,14
80,5,1706,4,15
81,5,1241,4,16
82,5,1934,4,17
83,5,1442,4,18
84,5,1977,4,19
85,5,1107,5,6
86,5,1233,5,7
87,5,605,5,8
88,5,2231,5,9
89,5,962,5,10
90,5,726,5,11
91,5,2261,5,12
92,5,2088,5,13
93,5,900,5,14
94,5,1457,5,15
95,5,868,5,16
96,5,1700,5,17
97,5,1204,5,18
98,5,1638,5,19
99,5,1543,6,7
100,5,1059,6,8
101,5,2416,6,9
102,5,1403,6,10
103,5,1051,6,11
104,5,2494,6,12
105,5,2327,6,13
106,5,1350,6,14
107,5,1728,6,15
108,5,1418,6,16
109,5,2100,6,17
110,5,1406,6,18
111,5,1983,6,19
112,5,901,7,8
113,5,2329,7,9
114,5,1219,7,10
115,5,1161,7,11
116,5,2291,7,12
117,5,2320,7,13
118,5,1343,7,14
119,5,1372,7,15
120,5,1408,7,16
121,5,2021,7,17
122,5,1217,7,18
123,5,1994,7,19
124,5,2146,8,9
125,5,743,8,10
126,5,565,8,11
127,5,2188,8,12
128,5,2033,8,13
129,5,812,8,14
130,5,1345,8,15
131,5,935,8,16
132,5,1741,8,17
133,5,1031,8,18
134,5,1770,8,19
135,5,2137,9,10
136,5,2222,9,11
137,5,2576,9,12
138,5,2014,9,13
139,5,2296,9,14
140,5,2486,9,15
141,5,2306,9,16
142,5,2473,9,17
143,5,2278,9,18
144,5,2586,9,19
145,5,897,10,11
146,5,2168,10,12
147,5,2218,10,13
148,5,988,10,14
149,5,1645,10,15
150,5,1066,10,16
151,5,1805,10,17
152,5,1380,10,18
153,5,1884,10,19
154,5,2146,11,12
155,5,2108,11,13
156,5,851,11,14
157,5,1497,11,15
158,5,982,11,16
159,5,1839,11,17
160,5,1073,11,18
161,5,1884,11,19
162,5,2680,12,13
163,5,2165,12,14
164,5,2386,12,15
165,5,2083,12,16
166,5,2288,12,17
167,5,2274,12,18
168,5,2350,12,19
169,5,2114,13,14
170,5,2458,13,15
171,5,2183,13,16
172,5,1883,13,17
173,5,2358,13,18
174,5,2519,13,19
175,5,1416,14,15
176,5,1154,14,16
177,5,1620,14,17
178,5,1384,14,18
179,5,1734,14,19
180,5,1574,15,16
181,5,1982,15,17
182,5,1210,15,18
183,5,1924,15,19
184,5,1789,16,17
185,5,1441,16,18
186,5,2045,16,19
187,5,2032,17,18
188,5,2061,17,19
189,5,2099,18,19
190,10,2669,0,1
191,10,2545,0,2
192,10,2502,0,3
193,10,2653,0,4
194,10,2618,0,5
195,10,2295,0,6
196,10,2257,0,7
197,10,2623,0,8
198,10,1974,0,9
199,10,2563,0,10
200,10,2269,0,11
201,10,2375,0,12
202,10,2311,0,13
203,10,2572,0,14
204,10,2323,0,15
205,10,2530,0,16
206,10,2400,0,17
207,10,2573,0,18
208,10,2524,0,19
209,10,1757,1,2
210,10,2444,1,3
211,10,2469,1,4
212,10,2183,1,5
213,10,2412,1,6
214,10,2182,1,7
215,10,2329,1,8
216,10,2332,1,9
217,10,2476,1,10
218,10,2353,1,11
219,10,2085,1,12
220,10,2428,1,13
221,10,2446,1,14
222,10,2429,1,15
223,10,2479,1,16
224,10,2659,1,17
225,10,1982,1,18
226,10,2468,1,19
227,10,1742,2,3
228,10,1758,2,4
229,10,1705,2,5
230,10,1752,2,6
231,10,1382,2,7
232,10,1493,2,8
233,10,1556,2,9
234,10,1985,2,10
235,10,2070,2,11
236,10,1203,2,12
237,10,1910,2,13
238,10,1954,2,14
239,10,1935,2,15
240,10,1772,2,16
241,10,2107,2,17
242,10,1875,2,18
243,10,1912,2,19
244,10,2134,3,4
245,10,2128,3,5
246,10,1739,3,6
247,10,1690,3,7
248,10,1734,3,8
249,10,1558,3,9
250,10,2034,3,10
251,10,2126,3,11
252,10,1412,3,12
253,10,1870,3,13
254,10,2145,3,14
255,10,1982,3,15
256,10,1968,3,16
257,10,2019,3,17
258,10,2014,3,18
259,10,1600,3,19
260,10,2030,4,5
261,10,2082,4,6
262,10,1868,4,7
263,10,1847,4,8
264,10,2039,4,9
265,10,2022,4,10
266,10,2221,4,11
267,10,1665,4,12
268,10,2216,4,13
269,10,2314,4,14
270,10,2046,4,15
271,10,1836,4,16
272,10,2323,4,17
273,10,2245,4,18
274,10,2070,4,19
275,10,2021,5,6
276,10,1212,5,7
277,10,1592,5,8
278,10,2160,5,9
279,10,2281,5,10
280,10,2449,5,11
281,10,1480,5,12
282,10,1899,5,13
283,10,1776,5,14
284,10,1698,5,15
285,10,1870,5,16
286,10,2232,5,17
287,10,1775,5,18
288,10,2095,5,19
289,10,1437,6,7
290,10,1862,6,8
291,10,1601,6,9
292,10,1941,6,10
293,10,2048,6,11
294,10,1526,6,12
295,10,1461,6,13
296,10,2047,6,14
297,10,2181,6,15
298,10,1615,6,16
299,10,1410,6,17
300,10,2122,6,18
301,10,2025,6,19
302,10,1493,7,8
303,10,1637,7,9
304,10,2025,7,10
305,10,2083,7,11
306,10,764,7,12
307,10,1564,7,13
308,10,1801,7,14
309,10,1990,7,15
310,10,1851,7,16
311,10,1827,7,17
312,10,1848,7,18
313,10,1820,7,19
314,10,1711,8,9
315,10,1916,8,10
316,10,2215,8,11
317,10,1369,8,12
318,10,1903,8,13
319,10,1780,8,14
320,10,1565,8,15
321,10,1649,8,16
322,10,2204,8,17
323,10,2040,8,18
324,10,1980,8,19
325,10,1706,9,10
326,10,1428,9,11
327,10,1488,9,12
328,10,1669,9,13
329,10,2328,9,14
330,10,2089,9,15
331,10,1998,9,16
332,10,1737,9,17
333,10,2064,9,18
334,10,1927,9,19
335,10,1505,10,11
336,10,1823,10,12
337,10,2334,10,13
338,10,2386,10,14
339,10,1984,10,15
340,10,1832,10,16
341,10,2345,10,17
342,10,2220,10,18
343,10,2016,10,19
344,10,1883,11,12
345,10,2211,11,13
346,10,2621,11,14
347,10,2300,11,15
348,10,2138,11,16
349,10,2197,11,17
350,10,2176,11,18
351,10,1964,11,19
352,10,1656,12,13
353,10,1723,12,14
354,10,1776,12,15
355,10,1643,12,16
356,10,1972,12,17
357,10,1702,12,18
358,10,1507,12,19
359,10,2090,13,14
360,10,2266,13,15
361,10,2047,13,16
362,10,1508,13,17
363,10,2252,13,18
364,10,2295,13,19
365,10,2138,14,15
366,10,2251,14,16
367,10,2388,14,17
368,10,2374,14,18
369,10,2444,14,19
370,10,1857,15,16
371,10,2366,15,17
372,10,1446,15,18
373,10,1621,15,19
374,10,1941,16,17
375,10,2145,16,18
376,10,1940,16,19
377,10,2262,17,18
378,10,2304,17,19
379,10,914,18,19
380,15,1758,0,1
381,15,1957,0,2
382,15,1895,0,3
383,15,1913,0,4
384,15,2365,0,5
385,15,2068,0,6
386,15,1957,0,7
387,15,1857,0,8
388,15,2361,0,9
389,15,2324,0,10
390,15,2272,0,11
391,15,1966,0,12
392,15,2150,0,13
393,15,1819,0,14
394,15,2302,0,15
395,15,1965,0,16
396,15,2109,0,17
397,15,2286,0,18
398,15,2014,0,19
399,15,2035,1,2
400,15,2059,1,3
401,15,1359,1,4
402,15,2179,1,5
403,15,1992,1,6
404,15,1505,1,7
405,15,1457,1,8
406,15,1785,1,9
407,15,2170,1,10
408,15,2107,1,11
409,15,1452,1,12
410,15,1851,1,13
411,15,1344,1,14
412,15,2016,1,15
413,15,815,1,16
414,15,2292,1,17
415,15,1928,1,18
416,15,1593,1,19
417,15,368,2,3
418,15,1815,2,4
419,15,2167,2,5
420,15,2190,2,6
421,15,1551,2,7
422,15,1596,2,8
423,15,2400,2,9
424,15,2473,2,10
425,15,1938,2,11
426,15,1939,2,12
427,15,1357,2,13
428,15,1495,2,14
429,15,2297,2,15
430,15,2117,2,16
431,15,1644,2,17
432,15,1765,2,18
433,15,1993,2,19
434,15,1814,3,4
435,15,2177,3,5
436,15,2182,3,6
437,15,1589,3,7
438,15,1613,3,8
439,15,2347,3,9
440,15,2478,3,10
441,15,1956,3,11
442,15,1887,3,12
443,15,1434,3,13
444,15,1554,3,14
445,15,2269,3,15
446,15,2123,3,16
447,15,1693,3,17
448,15,1740,3,18
449,15,2055,3,19
450,15,1993,4,5
451,15,1571,4,6
452,15,1066,4,7
453,15,1253,4,8
454,15,1840,4,9
455,15,2174,4,10
456,15,1586,4,11
457,15,1000,4,12
458,15,1160,4,13
459,15,1207,4,14
460,15,1863,4,15
461,15,1596,4,16
462,15,1822,4,17
463,15,1440,4,18
464,15,1715,4,19
465,15,2248,5,6
466,15,2017,5,7
467,15,1868,5,8
468,15,2289,5,9
469,15,1325,5,10
470,15,1882,5,11
471,15,2051,5,12
472,15,2031,5,13
473,15,2100,5,14
474,15,1995,5,15
475,15,2165,5,16
476,15,2023,5,17
477,15,1905,5,18
478,15,2397,5,19
479,15,1695,6,7
480,15,1677,6,8
481,15,2158,6,9
482,15,2331,6,10
483,15,1945,6,11
484,15,1642,6,12
485,15,1594,6,13
486,15,1775,6,14
487,15,1696,6,15
488,15,2209,6,16
489,15,1860,6,17
490,15,1895,6,18
491,15,2145,6,19
492,15,1157,7,8
493,15,1639,7,9
494,15,2281,7,10
495,15,1291,7,11
496,15,1145,7,12
497,15,1299,7,13
498,15,1294,7,14
499,15,1803,7,15
500,15,1857,7,16
501,15,1688,7,17
502,15,1513,7,18
503,15,1644,7,19
504,15,1800,8,9
505,15,2356,8,10
506,15,1666,8,11
507,15,1174,8,12
508,15,1319,8,13
509,15,1481,8,14
510,15,1584,8,15
511,15,1601,8,16
512,15,1674,8,17
513,15,1506,8,18
514,15,1861,8,19
515,15,2490,9,10
516,15,1911,9,11
517,15,1777,9,12
518,15,2176,9,13
519,15,1818,9,14
520,15,2168,9,15
521,15,2029,9,16
522,15,2396,9,17
523,15,2181,9,18
524,15,2206,9,19
525,15,1802,10,11
526,15,2352,10,12
527,15,2310,10,13
528,15,2306,10,14
529,15,1792,10,15
530,15,2132,10,16
531,15,1873,10,17
532,15,2290,10,18
533,15,2359,10,19
534,15,1670,11,12
535,15,1547,11,13
536,15,1917,11,14
537,15,1753,11,15
538,15,2404,11,16
539,15,1656,11,17
540,15,1640,11,18
541,15,2058,11,19
542,15,1321,12,13
543,15,1433,12,14
544,15,1775,12,15
545,15,1643,12,16
546,15,2003,12,17
547,15,1590,12,18
548,15,1880,12,19
549,15,1588,13,14
550,15,1812,13,15
551,15,2028,13,16
552,15,1450,13,17
553,15,1219,13,18
554,15,2055,13,19
555,15,2199,14,15
556,15,1489,14,16
557,15,2087,14,17
558,15,1803,14,18
559,15,1646,14,19
560,15,2233,15,16
561,15,1895,15,17
562,15,1932,15,18
563,15,2355,15,19
564,15,2537,16,17
565,15,2071,16,18
566,15,1743,16,19
567,15,1815,17,18
568,15,2150,17,19
569,15,2244,18,19
570,25,1987,0,1
571,25,2262,0,2
572,25,2011,0,3
573,25,1615,0,4
574,25,1815,0,5
575,25,2467,0,6
576,25,1548,0,7
577,25,1899,0,8
578,25,1862,0,9
579,25,2396,0,10
580,25,1830,0,11
581,25,1976,0,12
582,25,1953,0,13
583,25,1733,0,14
584,25,2088,0,15
585,25,2245,0,16
586,25,1460,0,17
587,25,1743,0,18
588,25,1349,0,19
589,25,1818,1,2
590,25,1315,1,3
591,25,2175,1,4
592,25,1544,1,5
593,25,1999,1,6
594,25,1275,1,7
595,25,2445,1,8
596,25,2053,1,9
597,25,2391,1,10
598,25,1741,1,11
599,25,1645,1,12
600,25,2028,1,13
601,25,1244,1,14
602,25,2191,1,15
603,25,2555,1,16
604,25,1533,1,17
605,25,1437,1,18
606,25,1280,1,19
607,25,1810,2,3
608,25,2280,2,4
609,25,1951,2,5
610,25,2413,2,6
611,25,1836,2,7
612,25,2179,2,8
613,25,1969,2,9
614,25,2116,2,10
615,25,2207,2,11
616,25,1702,2,12
617,25,1895,2,13
618,25,1829,2,14
619,25,2144,2,15
620,25,2207,2,16
621,25,1884,2,17
622,25,1902,2,18
623,25,1767,2,19
624,25,2229,3,4
625,25,1567,3,5
626,25,2019,3,6
627,25,1279,3,7
628,25,2439,3,8
629,25,2042,3,9
630,25,2160,3,10
631,25,1837,3,11
632,25,1462,3,12
633,25,1978,3,13
634,25,1347,3,14
635,25,2293,3,15
636,25,2600,3,16
637,25,1424,3,17
638,25,1472,3,18
639,25,1396,3,19
640,25,1816,4,5
641,25,2600,4,6
642,25,1915,4,7
643,25,2104,4,8
644,25,1880,4,9
645,25,1721,4,10
646,25,1690,4,11
647,25,1801,4,12
648,25,1863,4,13
649,25,1716,4,14
650,25,1243,4,15
651,25,2460,4,16
652,25,1678,4,17
653,25,1687,4,18
654,25,1674,4,19
655,25,1920,5,6
656,25,1550,5,7
657,25,2217,5,8
658,25,1918,5,9
659,25,2107,5,10
660,25,1623,5,11
661,25,1476,5,12
662,25,2109,5,13
663,25,1397,5,14
664,25,1904,5,15
665,25,2472,5,16
666,25,1757,5,17
667,25,1379,5,18
668,25,1469,5,19
669,25,2183,6,7
670,25,2674,6,8
671,25,2508,6,9
672,25,2575,6,10
673,25,2345,6,11
674,25,2094,6,12
675,25,2647,6,13
676,25,1975,6,14
677,25,2437,6,15
678,25,2469,6,16
679,25,2735,6,17
680,25,2258,6,18
681,25,2431,6,19
682,25,2064,7,8
683,25,1880,7,9
684,25,2337,7,10
685,25,1890,7,11
686,25,1459,7,12
687,25,1704,7,13
688,25,972,7,14
689,25,2151,7,15
690,25,2498,7,16
691,25,993,7,17
692,25,1668,7,18
693,25,674,7,19
694,25,1575,8,9
695,25,2509,8,10
696,25,2250,8,11
697,25,2531,8,12
698,25,2187,8,13
699,25,2405,8,14
700,25,2470,8,15
701,25,1265,8,16
702,25,2077,8,17
703,25,2226,8,18
704,25,2227,8,19
705,25,2447,9,10
706,25,1659,9,11
707,25,1971,9,12
708,25,2133,9,13
709,25,1931,9,14
710,25,1899,9,15
711,25,1834,9,16
712,25,1843,9,17
713,25,1680,9,18
714,25,1814,9,19
715,25,2119,10,11
716,25,1777,10,12
717,25,2169,10,13
718,25,2142,10,14
719,25,1715,10,15
720,25,2500,10,16
721,25,2200,10,17
722,25,1788,10,18
723,25,2396,10,19
724,25,1695,11,12
725,25,2460,11,13
726,25,1646,11,14
727,25,1782,11,15
728,25,2313,11,16
729,25,1984,11,17
730,25,1005,11,18
731,25,1774,11,19
732,25,1777,12,13
733,25,1265,12,14
734,25,1995,12,15
735,25,2695,12,16
736,25,1568,12,17
737,25,1276,12,18
738,25,1396,12,19
739,25,1773,13,14
740,25,2416,13,15
741,25,2591,13,16
742,25,1461,13,17
743,25,2247,13,18
744,25,1402,13,19
745,25,1899,14,15
746,25,2635,14,16
747,25,1385,14,17
748,25,1388,14,18
749,25,911,14,19
750,25,2502,15,16
751,25,2151,15,17
752,25,1646,15,18
753,25,2169,15,19
754,25,2387,16,17
755,25,2366,16,18
756,25,2566,16,19
757,25,1671,17,18
758,25,891,17,19
759,25,1532,18,19
760,35,1873,0,1
761,35,1815,0,2
762,35,1489,0,3
763,35,1854,0,4
764,35,1721,0,5
765,35,2085,0,6
766,35,1825,0,7
767,35,1873,0,8
768,35,1889,0,9
769,35,1991,0,10
770,35,1945,0,11
771,35,1899,0,12
772,35,2545,0,13
773,35,2081,0,14
774,35,2192,0,15
775,35,1621,0,16
776,35,2168,0,17
777,35,2569,0,18
778,35,2542,0,19
779,35,1771,1,2
780,35,2141,1,3
781,35,950,1,4
782,35,1634,1,5
783,35,677,1,6
784,35,1284,1,7
785,35,1426,1,8
786,35,2354,1,9
787,35,1456,1,10
788,35,1944,1,11
789,35,1359,1,12
790,35,2581,1,13
791,35,2399,1,14
792,35,2259,1,15
793,35,1017,1,16
794,35,2285,1,17
795,35,2392,1,18
796,35,2768,1,19
797,35,1860,2,3
798,35,1655,2,4
799,35,2105,2,5
800,35,1545,2,6
801,35,1476,2,7
802,35,1648,2,8
803,35,1906,2,9
804,35,1512,2,10
805,35,1109,2,11
806,35,1677,2,12
807,35,1952,2,13
808,35,2012,2,14
809,35,1832,2,15
810,35,1722,2,16
811,35,1657,2,17
812,35,1839,2,18
813,35,2384,2,19
814,35,2025,3,4
815,35,1482,3,5
816,35,2480,3,6
817,35,1935,3,7
818,35,2277,3,8
819,35,1589,3,9
820,35,2191,3,10
821,35,1946,3,11
822,35,2052,3,12
823,35,2197,3,13
824,35,2355,3,14
825,35,2044,3,15
826,35,2187,3,16
827,35,2456,3,17
828,35,2514,3,18
829,35,2492,3,19
830,35,1764,4,5
831,35,765,4,6
832,35,1139,4,7
833,35,1159,4,8
834,35,2270,4,9
835,35,1361,4,10
836,35,1760,4,11
837,35,1192,4,12
838,35,2347,4,13
839,35,2171,4,14
840,35,2039,4,15
841,35,941,4,16
842,35,2032,4,17
843,35,2141,4,18
844,35,2353,4,19
845,35,1924,5,6
846,35,2166,5,7
847,35,1754,5,8
848,35,2085,5,9
849,35,2185,5,10
850,35,2072,5,11
851,35,1782,5,12
852,35,2122,5,13
853,35,2278,5,14
854,35,2041,5,15
855,35,1556,5,16
856,35,2556,5,17
857,35,2218,5,18
858,35,2745,5,19
859,35,1121,6,7
860,35,1251,6,8
861,35,2292,6,9
862,35,906,6,10
863,35,1844,6,11
864,35,1047,6,12
865,35,2333,6,13
866,35,2363,6,14
867,35,2134,6,15
868,35,815,6,16
869,35,2134,6,17
870,35,2155,6,18
871,35,2636,6,19
872,35,1601,7,8
873,35,1939,7,9
874,35,1351,7,10
875,35,1702,7,11
876,35,1655,7,12
877,35,2159,7,13
878,35,2307,7,14
879,35,2106,7,15
880,35,1299,7,16
881,35,1782,7,17
882,35,1851,7,18
883,35,2379,7,19
884,35,2386,8,9
885,35,1521,8,10
886,35,1280,8,11
887,35,1255,8,12
888,35,2075,8,13
889,35,1964,8,14
890,35,1794,8,15
891,35,1345,8,16
892,35,1896,8,17
893,35,2092,8,18
894,35,2398,8,19
895,35,1956,9,10
896,35,1962,9,11
897,35,2118,9,12
898,35,1963,9,13
899,35,2569,9,14
900,35,2332,9,15
901,35,2253,9,16
902,35,2407,9,17
903,35,2441,9,18
904,35,2375,9,19
905,35,1521,10,11
906,35,1470,10,12
907,35,2282,10,13
908,35,2161,10,14
909,35,1931,10,15
910,35,1449,10,16
911,35,1864,10,17
912,35,2153,10,18
913,35,2286,10,19
914,35,1406,11,12
915,35,1754,11,13
916,35,1734,11,14
917,35,1399,11,15
918,35,2030,11,16
919,35,1615,11,17
920,35,1692,11,18
921,35,2321,11,19
922,35,2356,12,13
923,35,1971,12,14
924,35,1596,12,15
925,35,1433,12,16
926,35,2298,12,17
927,35,2184,12,18
928,35,2395,12,19
929,35,2075,13,14
930,35,2052,13,15
931,35,2420,13,16
932,35,1842,13,17
933,35,1750,13,18
934,35,2363,13,19
935,35,1722,14,15
936,35,2310,14,16
937,35,1932,14,17
938,35,2351,14,18
939,35,2201,14,19
940,35,2251,15,16
941,35,2077,15,17
942,35,1913,15,18
943,35,2404,15,19
944,35,2145,16,17
945,35,2322,16,18
946,35,2546,16,19
947,35,1995,17,18
948,35,2239,17,19
949,35,2367,18,19
950,50,1863,0,1
951,50,2211,0,2
952,50,1593,0,3
953,50,1188,0,4
954,50,1914,0,5
955,50,2318,0,6
956,50,1910,0,7
957,50,1720,0,8
958,50,1319,0,9
959,50,2549,0,10
960,50,1714,0,11
961,50,2192,0,12
962,50,2008,0,13
963,50,2374,0,14
964,50,1620,0,15
965,50,1784,0,16
966,50,2116,0,17
967,50,2402,0,18
968,50,1720,0,19
969,50,2059,1,2
970,50,1639,1,3
971,50,1964,1,4
972,50,1811,1,5
973,50,2094,1,6
974,50,1582,1,7
975,50,1268,1,8
976,50,2062,1,9
977,50,2601,1,10
978,50,2101,1,11
979,50,2094,1,12
980,50,1670,1,13
981,50,1963,1,14
982,50,2133,1,15
983,50,2111,1,16
984,50,1960,1,17
985,50,2186,1,18
986,50,1714,1,19
987,50,2108,2,3
988,50,2264,2,4
989,50,2131,2,5
990,50,1575,2,6
991,50,2180,2,7
992,50,2226,2,8
993,50,1991,2,9
994,50,2656,2,10
995,50,2117,2,11
996,50,2145,2,12
997,50,2468,2,13
998,50,2756,2,14
999,50,2411,2,15
1000,50,2175,2,16
1001,50,2157,2,17
1002,50,2165,2,18
1003,50,1992,2,19
1004,50,1334,3,4
1005,50,1766,3,5
1006,50,1981,3,6
1007,50,1831,3,7
1008,50,1885,3,8
1009,50,1317,3,9
1010,50,2592,3,10
1011,50,1755,3,11
1012,50,1964,3,12
1013,50,1687,3,13
1014,50,2510,3,14
1015,50,1770,3,15
1016,50,1738,3,16
1017,50,2162,3,17
1018,50,2038,3,18
1019,50,1668,3,19
1020,50,1479,4,5
1021,50,2331,4,6
1022,50,1956,4,7
1023,50,2110,4,8
1024,50,509,4,9
1025,50,2550,4,10
1026,50,1979,4,11
1027,50,2584,4,12
1028,50,1696,4,13
1029,50,2466,4,14
1030,50,775,4,15
1031,50,2057,4,16
1032,50,2442,4,17
1033,50,2589,4,18
1034,50,2399,4,19
1035,50,2060,5,6
1036,50,1922,5,7
1037,50,1945,5,8
1038,50,1590,5,9
1039,50,2600,5,10
1040,50,2108,5,11
1041,50,2072,5,12
1042,50,1824,5,13
1043,50,2460,5,14
1044,50,1704,5,15
1045,50,1968,5,16
1046,50,2339,5,17
1047,50,2101,5,18
1048,50,2278,5,19
1049,50,2190,6,7
1050,50,2449,6,8
1051,50,2105,6,9
1052,50,2345,6,10
1053,50,1950,6,11
1054,50,1997,6,12
1055,50,2154,6,13
1056,50,2594,6,14
1057,50,2232,6,15
1058,50,1770,6,16
1059,50,2181,6,17
1060,50,1813,6,18
1061,50,2096,6,19
1062,50,1218,7,8
1063,50,1829,7,9
1064,50,2495,7,10
1065,50,2155,7,11
1066,50,2303,7,12
1067,50,1902,7,13
1068,50,2153,7,14
1069,50,2039,7,15
1070,50,2165,7,16
1071,50,2164,7,17
1072,50,2397,7,18
1073,50,1752,7,19
1074,50,2068,8,9
1075,50,2198,8,10
1076,50,2274,8,11
1077,50,2232,8,12
1078,50,2024,8,13
1079,50,2224,8,14
1080,50,2290,8,15
1081,50,2183,8,16
1082,50,2314,8,17
1083,50,2451,8,18
1084,50,1523,8,19
1085,50,2531,9,10
1086,50,1843,9,11
1087,50,2522,9,12
1088,50,1813,9,13
1089,50,2434,9,14
1090,50,1116,9,15
1091,50,2006,9,16
1092,50,2353,9,17
1093,50,2515,9,18
1094,50,2262,9,19
1095,50,2222,10,11
1096,50,2110,10,12
1097,50,1950,10,13
1098,50,1920,10,14
1099,50,2192,10,15
1100,50,2251,10,16
1101,50,2120,10,17
1102,50,1989,10,18
1103,50,2324,10,19
1104,50,1747,11,12
1105,50,2530,11,13
1106,50,2531,11,14
1107,50,2262,11,15
1108,50,1301,11,16
1109,50,2386,11,17
1110,50,1605,11,18
1111,50,1936,11,19
1112,50,2601,12,13
1113,50,2354,12,14
1114,50,2507,12,15
1115,50,1524,12,16
1116,50,2693,12,17
1117,50,1392,12,18
1118,50,1877,12,19
1119,50,1697,13,14
1120,50,1557,13,15
1121,50,2331,13,16
1122,50,1876,13,17
1123,50,2568,13,18
1124,50,2063,13,19
1125,50,2222,14,15
1126,50,2581,14,16
1127,50,1891,14,17
1128,50,2375,14,18
1129,50,2434,14,19
1130,50,2214,15,16
1131,50,2355,15,17
1132,50,2695,15,18
1133,50,2524,15,19
1134,50,2449,16,17
1135,50,1604,16,18
1136,50,1886,16,19
1137,50,2390,17,18
1138,50,1942,17,19
1139,50,2364,18,19
1140,75,2145,0,1
1141,75,2150,0,2
1142,75,2206,0,3
1143,75,1974,0,4
1144,75,2203,0,5
1145,75,2318,0,6
1146,75,2462,0,7
1147,75,2016,0,8
1148,75,2093,0,9
1149,75,1541,0,10
1150,75,1603,0,11
1151,75,2444,0,12
1152,75,2699,0,13
1153,75,2318,0,14
1154,75,2260,0,15
1155,75,2471,0,16
1156,75,2025,0,17
1157,75,2251,0,18
1158,75,1619,0,19
1159,75,2395,1,2
1160,75,1631,1,3
1161,75,1866,1,4
1162,75,1997,1,5
1163,75,1704,1,6
1164,75,2026,1,7
1165,75,1553,1,8
1166,75,2012,1,9
1167,75,2068,1,10
1168,75,1430,1,11
1169,75,1937,1,12
1170,75,1846,1,13
1171,75,1451,1,14
1172,75,1964,1,15
1173,75,1763,1,16
1174,75,1620,1,17
1175,75,1632,1,18
1176,75,1860,1,19
1177,75,2423,2,3
1178,75,2095,2,4
1179,75,2228,2,5
1180,75,1928,2,6
1181,75,2495,2,7
1182,75,2002,2,8
1183,75,2076,2,9
1184,75,2405,2,10
1185,75,2099,2,11
1186,75,1965,2,12
1187,75,2424,2,13
1188,75,1997,2,14
1189,75,2117,2,15
1190,75,2024,2,16
1191,75,2377,2,17
1192,75,1822,2,18
1193,75,2314,2,19
1194,75,2212,3,4
1195,75,2260,3,5
1196,75,2194,3,6
1197,75,1680,3,7
1198,75,1840,3,8
1199,75,2214,3,9
1200,75,2500,3,10
1201,75,1929,3,11
1202,75,2116,3,12
1203,75,1432,3,13
1204,75,1681,3,14
1205,75,2563,3,15
1206,75,2315,3,16
1207,75,2046,3,17
1208,75,2203,3,18
1209,75,1994,3,19
1210,75,1652,4,5
1211,75,1271,4,6
1212,75,2282,4,7
1213,75,1565,4,8
1214,75,1342,4,9
1215,75,1612,4,10
1216,75,1252,4,11
1217,75,2373,4,12
1218,75,2097,4,13
1219,75,1959,4,14
1220,75,1641,4,15
1221,75,1240,4,16
1222,75,2293,4,17
1223,75,1774,4,18
1224,75,1617,4,19
1225,75,2175,5,6
1226,75,2499,5,7
1227,75,1891,5,8
1228,75,1800,5,9
1229,75,1776,5,10
1230,75,1799,5,11
1231,75,2157,5,12
1232,75,2212,5,13
1233,75,1909,5,14
1234,75,2130,5,15
1235,75,2216,5,16
1236,75,2042,5,17
1237,75,1852,5,18
1238,75,1918,5,19
1239,75,1997,6,7
1240,75,1362,6,8
1241,75,1566,6,9
1242,75,2044,6,10
1243,75,1339,6,11
1244,75,2024,6,12
1245,75,1665,6,13
1246,75,1747,6,14
1247,75,1474,6,15
1248,75,734,6,16
1249,75,1955,6,17
1250,75,1574,6,18
1251,75,1392,6,19
1252,75,1862,7,8
1253,75,2299,7,9
1254,75,2240,7,10
1255,75,2052,7,11
1256,75,2006,7,12
1257,75,1660,7,13
1258,75,2003,7,14
1259,75,2423,7,15
1260,75,2205,7,16
1261,75,2115,7,17
1262,75,2123,7,18
1263,75,2193,7,19
1264,75,1598,8,9
1265,75,2087,8,10
1266,75,1466,8,11
1267,75,1954,8,12
1268,75,2161,8,13
1269,75,1250,8,14
1270,75,1405,8,15
1271,75,1118,8,16
1272,75,2059,8,17
1273,75,1295,8,18
1274,75,1337,8,19
1275,75,1956,9,10
1276,75,1575,9,11
1277,75,1951,9,12
1278,75,2454,9,13
1279,75,1911,9,14
1280,75,1519,9,15
1281,75,1305,9,16
1282,75,2070,9,17
1283,75,1460,9,18
1284,75,1698,9,19
1285,75,1465,10,11
1286,75,2443,10,12
1287,75,2557,10,13
1288,75,2333,10,14
1289,75,2003,10,15
1290,75,2192,10,16
1291,75,1830,10,17
1292,75,1947,10,18
1293,75,1838,10,19
1294,75,1964,11,12
1295,75,2035,11,13
1296,75,1795,11,14
1297,75,1662,11,15
1298,75,1397,11,16
1299,75,1764,11,17
1300,75,1672,11,18
1301,75,1542,11,19
1302,75,2072,12,13
1303,75,1893,12,14
1304,75,2118,12,15
1305,75,2259,12,16
1306,75,1308,12,17
1307,75,1932,12,18
1308,75,1977,12,19
1309,75,2151,13,14
1310,75,2286,13,15
1311,75,2120,13,16
1312,75,2191,13,17
1313,75,2254,13,18
1314,75,2226,13,19
1315,75,1928,14,15
1316,75,1425,14,16
1317,75,1912,14,17
1318,75,1429,14,18
1319,75,1740,14,19
1320,75,1248,15,16
1321,75,2018,15,17
1322,75,1508,15,18
1323,75,1633,15,19
1324,75,2407,16,17
1325,75,1367,16,18
1326,75,1521,16,19
1327,75,1998,17,18
1328,75,1613,17,19
1329,75,1789,18,19
